Navn;Stasjon;Tid(norsk normaltid);Nedbør (døgn)
Kristiansand - Kvadraturen;SN39200;01.01.2024;98,1
Kristiansand - Kvadraturen;SN39200;02.01.2024;2,9
Kristiansand - Kvadraturen;SN39200;03.01.2024;9,2
Kristiansand - Kvadraturen;SN39200;04.01.2024;0,4
Kristiansand - Kvadraturen;SN39200;05.01.2024;0
Kristiansand - Kvadraturen;SN39200;06.01.2024;0
Kristiansand - Kvadraturen;SN39200;07.01.2024;0
Kristiansand - Kvadraturen;SN39200;08.01.2024;0
Kristiansand - Kvadraturen;SN39200;09.01.2024;0
Kristiansand - Kvadraturen;SN39200;10.01.2024;0,5
Kristiansand - Kvadraturen;SN39200;11.01.2024;0
Kristiansand - Kvadraturen;SN39200;12.01.2024;0
Kristiansand - Kvadraturen;SN39200;13.01.2024;0
Kristiansand - Kvadraturen;SN39200;14.01.2024;0
Kristiansand - Kvadraturen;SN39200;15.01.2024;0
Kristiansand - Kvadraturen;SN39200;16.01.2024;0,6
Kristiansand - Kvadraturen;SN39200;17.01.2024;16,6
Kristiansand - Kvadraturen;SN39200;18.01.2024;0
Kristiansand - Kvadraturen;SN39200;19.01.2024;0
Kristiansand - Kvadraturen;SN39200;20.01.2024;0,3
Kristiansand - Kvadraturen;SN39200;21.01.2024;11,5
Kristiansand - Kvadraturen;SN39200;22.01.2024;47,8
Kristiansand - Kvadraturen;SN39200;23.01.2024;6,4
Kristiansand - Kvadraturen;SN39200;24.01.2024;17,8
Kristiansand - Kvadraturen;SN39200;25.01.2024;1,9
Kristiansand - Kvadraturen;SN39200;26.01.2024;20,7
Kristiansand - Kvadraturen;SN39200;27.01.2024;24,9
Kristiansand - Kvadraturen;SN39200;28.01.2024;0
Kristiansand - Kvadraturen;SN39200;29.01.2024;0
Kristiansand - Kvadraturen;SN39200;30.01.2024;3,3
Kristiansand - Kvadraturen;SN39200;31.01.2024;15
Kristiansand - Kvadraturen;SN39200;01.02.2024;23,3
Kristiansand - Kvadraturen;SN39200;02.02.2024;1,9
Kristiansand - Kvadraturen;SN39200;03.02.2024;1,9
Kristiansand - Kvadraturen;SN39200;04.02.2024;3,2
Kristiansand - Kvadraturen;SN39200;05.02.2024;2,2
Kristiansand - Kvadraturen;SN39200;06.02.2024;0
Kristiansand - Kvadraturen;SN39200;07.02.2024;2,7
Kristiansand - Kvadraturen;SN39200;08.02.2024;3
Kristiansand - Kvadraturen;SN39200;09.02.2024;1
Kristiansand - Kvadraturen;SN39200;10.02.2024;5,1
Kristiansand - Kvadraturen;SN39200;11.02.2024;5,5
Kristiansand - Kvadraturen;SN39200;12.02.2024;0,4
Kristiansand - Kvadraturen;SN39200;13.02.2024;1,9
Kristiansand - Kvadraturen;SN39200;14.02.2024;3,3
Kristiansand - Kvadraturen;SN39200;15.02.2024;0
Kristiansand - Kvadraturen;SN39200;16.02.2024;25,6
Kristiansand - Kvadraturen;SN39200;17.02.2024;2,9
Kristiansand - Kvadraturen;SN39200;18.02.2024;0
Kristiansand - Kvadraturen;SN39200;19.02.2024;6,7
Kristiansand - Kvadraturen;SN39200;20.02.2024;0
Kristiansand - Kvadraturen;SN39200;21.02.2024;4
Kristiansand - Kvadraturen;SN39200;22.02.2024;26,3
Kristiansand - Kvadraturen;SN39200;23.02.2024;31,1
Kristiansand - Kvadraturen;SN39200;24.02.2024;10,7
Kristiansand - Kvadraturen;SN39200;25.02.2024;4,9
Kristiansand - Kvadraturen;SN39200;26.02.2024;2,3
Kristiansand - Kvadraturen;SN39200;27.02.2024;0
Kristiansand - Kvadraturen;SN39200;28.02.2024;7,9
Kristiansand - Kvadraturen;SN39200;29.02.2024;16,2
Kristiansand - Kvadraturen;SN39200;01.03.2024;39,8
Kristiansand - Kvadraturen;SN39200;02.03.2024;15,8
Kristiansand - Kvadraturen;SN39200;03.03.2024;8,9
Kristiansand - Kvadraturen;SN39200;04.03.2024;5,1
Kristiansand - Kvadraturen;SN39200;05.03.2024;0,1
Kristiansand - Kvadraturen;SN39200;06.03.2024;0,6
Kristiansand - Kvadraturen;SN39200;07.03.2024;1,4
Kristiansand - Kvadraturen;SN39200;08.03.2024;0
Kristiansand - Kvadraturen;SN39200;09.03.2024;0
Kristiansand - Kvadraturen;SN39200;10.03.2024;0,5
Kristiansand - Kvadraturen;SN39200;11.03.2024;0,1
Kristiansand - Kvadraturen;SN39200;12.03.2024;0
Kristiansand - Kvadraturen;SN39200;13.03.2024;0
Kristiansand - Kvadraturen;SN39200;14.03.2024;27,4
Kristiansand - Kvadraturen;SN39200;15.03.2024;9,7
Kristiansand - Kvadraturen;SN39200;16.03.2024;15,3
Kristiansand - Kvadraturen;SN39200;17.03.2024;1,5
Kristiansand - Kvadraturen;SN39200;18.03.2024;0
Kristiansand - Kvadraturen;SN39200;19.03.2024;0,5
Kristiansand - Kvadraturen;SN39200;20.03.2024;15
Kristiansand - Kvadraturen;SN39200;21.03.2024;0
Kristiansand - Kvadraturen;SN39200;22.03.2024;3,7
Kristiansand - Kvadraturen;SN39200;23.03.2024;0,1
Kristiansand - Kvadraturen;SN39200;24.03.2024;4,6
Kristiansand - Kvadraturen;SN39200;25.03.2024;3,5
Kristiansand - Kvadraturen;SN39200;26.03.2024;0,5
Kristiansand - Kvadraturen;SN39200;27.03.2024;3,3
Kristiansand - Kvadraturen;SN39200;28.03.2024;1,3
Kristiansand - Kvadraturen;SN39200;29.03.2024;13,7
Kristiansand - Kvadraturen;SN39200;30.03.2024;2
Kristiansand - Kvadraturen;SN39200;31.03.2024;11,6
Kristiansand - Kvadraturen;SN39200;01.04.2024;0,1
Kristiansand - Kvadraturen;SN39200;02.04.2024;0,1
Kristiansand - Kvadraturen;SN39200;03.04.2024;0
Kristiansand - Kvadraturen;SN39200;04.04.2024;1
Kristiansand - Kvadraturen;SN39200;05.04.2024;8,1
Kristiansand - Kvadraturen;SN39200;06.04.2024;6,5
Kristiansand - Kvadraturen;SN39200;07.04.2024;5,3
Kristiansand - Kvadraturen;SN39200;08.04.2024;10,9
Kristiansand - Kvadraturen;SN39200;09.04.2024;0,1
Kristiansand - Kvadraturen;SN39200;10.04.2024;15,8
Kristiansand - Kvadraturen;SN39200;11.04.2024;14,9
Kristiansand - Kvadraturen;SN39200;12.04.2024;0,8
Kristiansand - Kvadraturen;SN39200;13.04.2024;3,7
Kristiansand - Kvadraturen;SN39200;14.04.2024;6,6
Kristiansand - Kvadraturen;SN39200;15.04.2024;0,5
Kristiansand - Kvadraturen;SN39200;16.04.2024;6,5
Kristiansand - Kvadraturen;SN39200;17.04.2024;0
Kristiansand - Kvadraturen;SN39200;18.04.2024;0
Kristiansand - Kvadraturen;SN39200;19.04.2024;0,2
Kristiansand - Kvadraturen;SN39200;20.04.2024;0
Kristiansand - Kvadraturen;SN39200;21.04.2024;2,6
Kristiansand - Kvadraturen;SN39200;22.04.2024;0
Kristiansand - Kvadraturen;SN39200;23.04.2024;0
Kristiansand - Kvadraturen;SN39200;24.04.2024;0
Kristiansand - Kvadraturen;SN39200;25.04.2024;0
Kristiansand - Kvadraturen;SN39200;26.04.2024;4
Kristiansand - Kvadraturen;SN39200;27.04.2024;0,1
Kristiansand - Kvadraturen;SN39200;28.04.2024;1,9
Kristiansand - Kvadraturen;SN39200;29.04.2024;7,5
Kristiansand - Kvadraturen;SN39200;30.04.2024;0,1
Kristiansand - Kvadraturen;SN39200;01.05.2024;2,3
Kristiansand - Kvadraturen;SN39200;02.05.2024;0,1
Kristiansand - Kvadraturen;SN39200;03.05.2024;0
Kristiansand - Kvadraturen;SN39200;04.05.2024;0
Kristiansand - Kvadraturen;SN39200;05.05.2024;0
Kristiansand - Kvadraturen;SN39200;06.05.2024;1,7
Kristiansand - Kvadraturen;SN39200;07.05.2024;0,3
Kristiansand - Kvadraturen;SN39200;08.05.2024;0
Kristiansand - Kvadraturen;SN39200;09.05.2024;0
Kristiansand - Kvadraturen;SN39200;10.05.2024;1
Kristiansand - Kvadraturen;SN39200;11.05.2024;0
Kristiansand - Kvadraturen;SN39200;12.05.2024;0
Kristiansand - Kvadraturen;SN39200;13.05.2024;0
Kristiansand - Kvadraturen;SN39200;14.05.2024;0
Kristiansand - Kvadraturen;SN39200;15.05.2024;0
Kristiansand - Kvadraturen;SN39200;16.05.2024;0
Kristiansand - Kvadraturen;SN39200;17.05.2024;0
Kristiansand - Kvadraturen;SN39200;18.05.2024;0
Kristiansand - Kvadraturen;SN39200;19.05.2024;0
Kristiansand - Kvadraturen;SN39200;20.05.2024;0
Kristiansand - Kvadraturen;SN39200;21.05.2024;0
Kristiansand - Kvadraturen;SN39200;22.05.2024;0
Kristiansand - Kvadraturen;SN39200;23.05.2024;0
Kristiansand - Kvadraturen;SN39200;24.05.2024;22,4
Kristiansand - Kvadraturen;SN39200;25.05.2024;0
Kristiansand - Kvadraturen;SN39200;26.05.2024;4,5
Kristiansand - Kvadraturen;SN39200;27.05.2024;5,2
Kristiansand - Kvadraturen;SN39200;28.05.2024;0
Kristiansand - Kvadraturen;SN39200;29.05.2024;19,4
Kristiansand - Kvadraturen;SN39200;30.05.2024;21,1
Kristiansand - Kvadraturen;SN39200;31.05.2024;0
Kristiansand - Kvadraturen;SN39200;01.06.2024;2
Kristiansand - Kvadraturen;SN39200;02.06.2024;0,3
Kristiansand - Kvadraturen;SN39200;03.06.2024;0
Kristiansand - Kvadraturen;SN39200;04.06.2024;0
Kristiansand - Kvadraturen;SN39200;05.06.2024;10,2
Kristiansand - Kvadraturen;SN39200;06.06.2024;3,1
Kristiansand - Kvadraturen;SN39200;07.06.2024;2,8
Kristiansand - Kvadraturen;SN39200;08.06.2024;1,6
Kristiansand - Kvadraturen;SN39200;09.06.2024;3,2
Kristiansand - Kvadraturen;SN39200;10.06.2024;1,5
Kristiansand - Kvadraturen;SN39200;11.06.2024;0,3
Kristiansand - Kvadraturen;SN39200;12.06.2024;0
Kristiansand - Kvadraturen;SN39200;13.06.2024;0
Kristiansand - Kvadraturen;SN39200;14.06.2024;2,4
Kristiansand - Kvadraturen;SN39200;15.06.2024;13,9
Kristiansand - Kvadraturen;SN39200;16.06.2024;21
Kristiansand - Kvadraturen;SN39200;17.06.2024;15,1
Kristiansand - Kvadraturen;SN39200;18.06.2024;4,7
Kristiansand - Kvadraturen;SN39200;19.06.2024;0,4
Kristiansand - Kvadraturen;SN39200;20.06.2024;0
Kristiansand - Kvadraturen;SN39200;21.06.2024;0
Kristiansand - Kvadraturen;SN39200;22.06.2024;4,8
Kristiansand - Kvadraturen;SN39200;23.06.2024;2,8
Kristiansand - Kvadraturen;SN39200;24.06.2024;0
Kristiansand - Kvadraturen;SN39200;25.06.2024;0
Kristiansand - Kvadraturen;SN39200;26.06.2024;0
Kristiansand - Kvadraturen;SN39200;27.06.2024;0
Kristiansand - Kvadraturen;SN39200;28.06.2024;0
Kristiansand - Kvadraturen;SN39200;29.06.2024;1,6
Kristiansand - Kvadraturen;SN39200;30.06.2024;0,2
Kristiansand - Kvadraturen;SN39200;01.07.2024;0
Kristiansand - Kvadraturen;SN39200;02.07.2024;0
Kristiansand - Kvadraturen;SN39200;03.07.2024;0
Kristiansand - Kvadraturen;SN39200;04.07.2024;15,7
Kristiansand - Kvadraturen;SN39200;05.07.2024;9,7
Kristiansand - Kvadraturen;SN39200;06.07.2024;19,2
Kristiansand - Kvadraturen;SN39200;07.07.2024;8,1
Kristiansand - Kvadraturen;SN39200;08.07.2024;0,2
Kristiansand - Kvadraturen;SN39200;09.07.2024;0,3
Kristiansand - Kvadraturen;SN39200;10.07.2024;13,1
Kristiansand - Kvadraturen;SN39200;11.07.2024;4,5
Kristiansand - Kvadraturen;SN39200;12.07.2024;0,5
Kristiansand - Kvadraturen;SN39200;13.07.2024;0
Kristiansand - Kvadraturen;SN39200;14.07.2024;5,8
Kristiansand - Kvadraturen;SN39200;15.07.2024;20,4
Kristiansand - Kvadraturen;SN39200;16.07.2024;0,5
Kristiansand - Kvadraturen;SN39200;17.07.2024;8,7
Kristiansand - Kvadraturen;SN39200;18.07.2024;0
Kristiansand - Kvadraturen;SN39200;19.07.2024;0
Kristiansand - Kvadraturen;SN39200;20.07.2024;0
Kristiansand - Kvadraturen;SN39200;21.07.2024;0
Kristiansand - Kvadraturen;SN39200;22.07.2024;8,3
Kristiansand - Kvadraturen;SN39200;23.07.2024;0
Kristiansand - Kvadraturen;SN39200;24.07.2024;0
Kristiansand - Kvadraturen;SN39200;25.07.2024;2,9
Kristiansand - Kvadraturen;SN39200;26.07.2024;12,7
Kristiansand - Kvadraturen;SN39200;27.07.2024;0,8
Kristiansand - Kvadraturen;SN39200;28.07.2024;0
Kristiansand - Kvadraturen;SN39200;29.07.2024;0
Kristiansand - Kvadraturen;SN39200;30.07.2024;0
Kristiansand - Kvadraturen;SN39200;31.07.2024;0
Kristiansand - Kvadraturen;SN39200;01.08.2024;0
Kristiansand - Kvadraturen;SN39200;02.08.2024;0
Kristiansand - Kvadraturen;SN39200;03.08.2024;0
Kristiansand - Kvadraturen;SN39200;04.08.2024;1,4
Kristiansand - Kvadraturen;SN39200;05.08.2024;0,1
Kristiansand - Kvadraturen;SN39200;06.08.2024;0
Kristiansand - Kvadraturen;SN39200;07.08.2024;1,9
Kristiansand - Kvadraturen;SN39200;08.08.2024;1,3
Kristiansand - Kvadraturen;SN39200;09.08.2024;16,9
Kristiansand - Kvadraturen;SN39200;10.08.2024;7,2
Kristiansand - Kvadraturen;SN39200;11.08.2024;0,1
Kristiansand - Kvadraturen;SN39200;12.08.2024;0
Kristiansand - Kvadraturen;SN39200;13.08.2024;0
Kristiansand - Kvadraturen;SN39200;14.08.2024;38,5
Kristiansand - Kvadraturen;SN39200;15.08.2024;3
Kristiansand - Kvadraturen;SN39200;16.08.2024;15,5
Kristiansand - Kvadraturen;SN39200;17.08.2024;0
Kristiansand - Kvadraturen;SN39200;18.08.2024;0
Kristiansand - Kvadraturen;SN39200;19.08.2024;1,8
Kristiansand - Kvadraturen;SN39200;20.08.2024;0
Kristiansand - Kvadraturen;SN39200;21.08.2024;37,4
Kristiansand - Kvadraturen;SN39200;22.08.2024;5,3
Kristiansand - Kvadraturen;SN39200;23.08.2024;21,6
Kristiansand - Kvadraturen;SN39200;24.08.2024;22,9
Kristiansand - Kvadraturen;SN39200;25.08.2024;22,8
Kristiansand - Kvadraturen;SN39200;26.08.2024;7,7
Kristiansand - Kvadraturen;SN39200;27.08.2024;2,2
Kristiansand - Kvadraturen;SN39200;28.08.2024;0
Kristiansand - Kvadraturen;SN39200;29.08.2024;0
Kristiansand - Kvadraturen;SN39200;30.08.2024;0,1
Kristiansand - Kvadraturen;SN39200;31.08.2024;0,9
Kristiansand - Kvadraturen;SN39200;01.09.2024;0
Kristiansand - Kvadraturen;SN39200;02.09.2024;0
Kristiansand - Kvadraturen;SN39200;03.09.2024;5,5
Kristiansand - Kvadraturen;SN39200;04.09.2024;27,2
Kristiansand - Kvadraturen;SN39200;05.09.2024;2,4
Kristiansand - Kvadraturen;SN39200;06.09.2024;0
Kristiansand - Kvadraturen;SN39200;07.09.2024;0
Kristiansand - Kvadraturen;SN39200;08.09.2024;0
Kristiansand - Kvadraturen;SN39200;09.09.2024;2
Kristiansand - Kvadraturen;SN39200;10.09.2024;1,6
Kristiansand - Kvadraturen;SN39200;11.09.2024;22
Kristiansand - Kvadraturen;SN39200;12.09.2024;3,1
Kristiansand - Kvadraturen;SN39200;13.09.2024;0
Kristiansand - Kvadraturen;SN39200;14.09.2024;0
Kristiansand - Kvadraturen;SN39200;15.09.2024;0
Kristiansand - Kvadraturen;SN39200;16.09.2024;8,1
Kristiansand - Kvadraturen;SN39200;17.09.2024;0
Kristiansand - Kvadraturen;SN39200;18.09.2024;0
Kristiansand - Kvadraturen;SN39200;19.09.2024;0
Kristiansand - Kvadraturen;SN39200;20.09.2024;0
Kristiansand - Kvadraturen;SN39200;21.09.2024;0
Kristiansand - Kvadraturen;SN39200;22.09.2024;0
Kristiansand - Kvadraturen;SN39200;23.09.2024;0
Kristiansand - Kvadraturen;SN39200;24.09.2024;6,8
Kristiansand - Kvadraturen;SN39200;25.09.2024;9,6
Kristiansand - Kvadraturen;SN39200;26.09.2024;0,1
Kristiansand - Kvadraturen;SN39200;27.09.2024;0
Kristiansand - Kvadraturen;SN39200;28.09.2024;0
Kristiansand - Kvadraturen;SN39200;29.09.2024;0
Kristiansand - Kvadraturen;SN39200;30.09.2024;5,9
Kristiansand - Kvadraturen;SN39200;01.10.2024;0
Kristiansand - Kvadraturen;SN39200;02.10.2024;1,7
Kristiansand - Kvadraturen;SN39200;03.10.2024;0
Kristiansand - Kvadraturen;SN39200;04.10.2024;0
Kristiansand - Kvadraturen;SN39200;05.10.2024;0
Kristiansand - Kvadraturen;SN39200;06.10.2024;0
Kristiansand - Kvadraturen;SN39200;07.10.2024;0
Kristiansand - Kvadraturen;SN39200;08.10.2024;9,5
Kristiansand - Kvadraturen;SN39200;09.10.2024;13,9
Kristiansand - Kvadraturen;SN39200;10.10.2024;1,4
Kristiansand - Kvadraturen;SN39200;11.10.2024;0,1
Kristiansand - Kvadraturen;SN39200;12.10.2024;2,6
Kristiansand - Kvadraturen;SN39200;13.10.2024;14
Kristiansand - Kvadraturen;SN39200;14.10.2024;2,2
Kristiansand - Kvadraturen;SN39200;15.10.2024;0
Kristiansand - Kvadraturen;SN39200;16.10.2024;0
Kristiansand - Kvadraturen;SN39200;17.10.2024;0,4
Kristiansand - Kvadraturen;SN39200;18.10.2024;10,2
Kristiansand - Kvadraturen;SN39200;19.10.2024;13,8
Kristiansand - Kvadraturen;SN39200;20.10.2024;23
Kristiansand - Kvadraturen;SN39200;21.10.2024;10,4
Kristiansand - Kvadraturen;SN39200;22.10.2024;0,9
Kristiansand - Kvadraturen;SN39200;23.10.2024;0,4
Kristiansand - Kvadraturen;SN39200;24.10.2024;0,2
Kristiansand - Kvadraturen;SN39200;25.10.2024;0,5
Kristiansand - Kvadraturen;SN39200;26.10.2024;0,3
Kristiansand - Kvadraturen;SN39200;27.10.2024;14,6
Kristiansand - Kvadraturen;SN39200;28.10.2024;0,1
Kristiansand - Kvadraturen;SN39200;29.10.2024;0
Kristiansand - Kvadraturen;SN39200;30.10.2024;0
Kristiansand - Kvadraturen;SN39200;31.10.2024;0
Kristiansand - Kvadraturen;SN39200;01.11.2024;0,5
Kristiansand - Kvadraturen;SN39200;02.11.2024;0,4
Kristiansand - Kvadraturen;SN39200;03.11.2024;0
Kristiansand - Kvadraturen;SN39200;04.11.2024;0
Kristiansand - Kvadraturen;SN39200;05.11.2024;0
Kristiansand - Kvadraturen;SN39200;06.11.2024;0
Kristiansand - Kvadraturen;SN39200;07.11.2024;0
Kristiansand - Kvadraturen;SN39200;08.11.2024;0
Kristiansand - Kvadraturen;SN39200;09.11.2024;0,4
Kristiansand - Kvadraturen;SN39200;10.11.2024;2,8
Kristiansand - Kvadraturen;SN39200;11.11.2024;1,6
Kristiansand - Kvadraturen;SN39200;12.11.2024;0
Kristiansand - Kvadraturen;SN39200;13.11.2024;0
Kristiansand - Kvadraturen;SN39200;14.11.2024;0
Kristiansand - Kvadraturen;SN39200;15.11.2024;0,3
Kristiansand - Kvadraturen;SN39200;16.11.2024;0,1
Kristiansand - Kvadraturen;SN39200;17.11.2024;2,9
Kristiansand - Kvadraturen;SN39200;18.11.2024;0,1
Kristiansand - Kvadraturen;SN39200;19.11.2024;0
Kristiansand - Kvadraturen;SN39200;20.11.2024;0
Kristiansand - Kvadraturen;SN39200;21.11.2024;0
Kristiansand - Kvadraturen;SN39200;22.11.2024;0
Kristiansand - Kvadraturen;SN39200;23.11.2024;0
Kristiansand - Kvadraturen;SN39200;24.11.2024;3,4
Kristiansand - Kvadraturen;SN39200;25.11.2024;73,2
Kristiansand - Kvadraturen;SN39200;26.11.2024;8,8
Kristiansand - Kvadraturen;SN39200;27.11.2024;1,6
Kristiansand - Kvadraturen;SN39200;28.11.2024;0,4
Kristiansand - Kvadraturen;SN39200;29.11.2024;0
Kristiansand - Kvadraturen;SN39200;30.11.2024;0,2
Kristiansand - Kvadraturen;SN39200;01.12.2024;7,5
Kristiansand - Kvadraturen;SN39200;02.12.2024;13,8
Kristiansand - Kvadraturen;SN39200;03.12.2024;8,1
Kristiansand - Kvadraturen;SN39200;04.12.2024;0
Kristiansand - Kvadraturen;SN39200;05.12.2024;9,9
Kristiansand - Kvadraturen;SN39200;06.12.2024;48,3
Kristiansand - Kvadraturen;SN39200;07.12.2024;2,3
Kristiansand - Kvadraturen;SN39200;08.12.2024;27,5
Kristiansand - Kvadraturen;SN39200;09.12.2024;0,3
Kristiansand - Kvadraturen;SN39200;10.12.2024;0
Kristiansand - Kvadraturen;SN39200;11.12.2024;0
Kristiansand - Kvadraturen;SN39200;12.12.2024;0
Kristiansand - Kvadraturen;SN39200;13.12.2024;0
Kristiansand - Kvadraturen;SN39200;14.12.2024;1,3
Kristiansand - Kvadraturen;SN39200;15.12.2024;0,1
Kristiansand - Kvadraturen;SN39200;16.12.2024;1,1
Kristiansand - Kvadraturen;SN39200;17.12.2024;0,2
Kristiansand - Kvadraturen;SN39200;18.12.2024;17
Kristiansand - Kvadraturen;SN39200;19.12.2024;20,2
Kristiansand - Kvadraturen;SN39200;20.12.2024;0,1
Kristiansand - Kvadraturen;SN39200;21.12.2024;5,5
Kristiansand - Kvadraturen;SN39200;22.12.2024;11,8
Kristiansand - Kvadraturen;SN39200;23.12.2024;2,3
Kristiansand - Kvadraturen;SN39200;24.12.2024;0,1
Kristiansand - Kvadraturen;SN39200;25.12.2024;3,4
Kristiansand - Kvadraturen;SN39200;26.12.2024;0,1
Kristiansand - Kvadraturen;SN39200;27.12.2024;0
Kristiansand - Kvadraturen;SN39200;28.12.2024;0
Kristiansand - Kvadraturen;SN39200;29.12.2024;0,1
Kristiansand - Kvadraturen;SN39200;30.12.2024;1,1
Kristiansand - Kvadraturen;SN39200;31.12.2024;0,1
